country_location,Tweets,TweetsSuicide,TweetsLowSentiment
United States,861,78,645
India,381,32,270
"London, England",370,48,242
London,301,54,195
United Kingdom,287,39,196
"California, USA",262,26,200
USA,253,17,195
"England, United Kingdom",220,19,153
"Texas, USA",206,12,141
"Florida, USA",204,16,140
Nigeria,201,14,150
South Africa,196,25,155
"Lagos, Nigeria",179,20,128
UK,178,31,124
"Los Angeles, CA",162,11,120
"Chicago, IL",162,9,108
"Washington, DC",152,8,113
Australia,152,25,119
"Houston, TX",145,8,86
Canada,141,17,114
"New York, USA",140,10,106
"New Delhi, India",124,13,86
"Johannesburg, South Africa",123,21,100
"New York, NY",123,6,95
"Atlanta, GA",122,5,78
Malaysia,121,4,96
Republic of the Philippines,117,14,89
Philippines,115,15,91
Earth,113,7,83
Ireland,108,12,74
"New Jersey, USA",99,6,65
"Toronto, Ontario",92,13,74
"Michigan, USA",91,17,66
"Nairobi, Kenya",91,8,76
Worldwide,89,8,74
"Pennsylvania, USA",88,2,56
"North Carolina, USA",88,1,52
"Mumbai, India",87,8,66
New York,87,3,64
"Philadelphia, PA",82,10,51
Indonesia,79,5,65
"Abuja, Nigeria",77,8,53
"Ohio, USA",77,2,54
"Dallas, TX",76,3,54
Pakistan,76,7,48
"Georgia, USA",75,2,57
England,74,9,57
Texas,73,5,51
Singapore,72,3,57
"Boston, MA",69,5,56
"Brooklyn, NY",69,3,49
"Massachusetts, USA",67,5,50
"Austin, TX",67,2,45
"Scotland, United Kingdom",65,27,33
France,63,3,45
"Seoul, Republic of Korea",63,2,47
"Miami, FL",63,4,46
Chicago,62,7,42
"San Diego, CA",62,4,41
"Virginia, USA",62,5,45
Scotland,62,17,35
"San Antonio, TX",61,7,35
"Bengaluru, India",60,7,43
"Manchester, England",60,13,39
Mumbai,59,11,32
NYC,58,1,47
"Ontario, Canada",57,11,37
"Seattle, WA",55,9,38
"Glasgow, Scotland",55,29,26
Florida,55,4,38
"Illinois, USA",54,2,34
"San Francisco, CA",53,4,47
"Maryland, USA",53,4,28
California,53,4,40
ğŸ‡µğŸ‡­,52,5,43
"Baltimore, MD",52,3,39
"Las Vegas, NV",51,5,36
Global,50,6,41
"London, UK",49,7,30
"Arizona, USA",48,4,33
Lagos,47,4,35
Hell,45,3,36
Planet Earth,45,4,35
"Karachi, Pakistan",44,1,36
"Lahore, Pakistan",44,4,29
"Paris, France",44,2,27
Germany,43,2,28
Italy,43,1,38
Toronto,43,10,33
"Cape Town, South Africa",43,3,31
"South Carolina, USA",42,5,30
"Melbourne, Victoria",42,10,35
"Charlotte, NC",41,7,28
"Tampa, FL",41,2,35
Everywhere,40,4,32
"Melbourne, Australia",40,10,27
"Durban, South Africa",40,1,30
"Phoenix, AZ",40,3,30
Glasgow,39,11,21
"Pretoria, South Africa",39,4,32
"Alabama, USA",39,3,29
"Edinburgh, Scotland",38,15,19
San Francisco,38,1,18
New York City,38,6,27
"Orlando, FL",38,1,25
"Wales, United Kingdom",37,5,26
"South East, England",37,6,27
"Pittsburgh, PA",37,2,26
Delhi,37,1,24
New Delhi,37,4,22
"Tennessee, USA",37,2,29
Hogwarts,36,3,23
,36,4,24
"Colorado, USA",36,2,26
"South West, England",35,8,25
she/her,35,5,26
"Fort Worth, TX",35,3,23
"Sydney, New South Wales",35,9,28
"Bristol, England",35,12,25
Bangalore,34,4,26
Los Angeles,34,1,27
"Wisconsin, USA",34,4,25
"Accra, Ghana",34,3,23
United States of America,34,1,27
"Portland, OR",34,3,28
Europe,33,3,23
"Leeds, England",33,8,19
Dublin,33,5,22
"Dublin City, Ireland",33,4,20
"Birmingham, England",33,6,21
"Missouri, USA",32,1,24
Wakanda,32,4,20
"Minneapolis, MN",32,5,24
PH,32,2,24
"Washington, USA",31,4,24
North Carolina,31,3,22
New Jersey,31,3,24
"Indianapolis, IN",31,2,25
Liverpool,31,6,22
"Islamabad, Pakistan",31,1,20
"Kentucky, USA",30,2,21
"Columbus, OH",30,1,22
"Oregon, USA",30,5,26
"Minnesota, USA",30,1,26
Edinburgh,29,7,13
Somewhere,29,1,17
Michigan,29,4,20
"Dublin, Ireland",29,5,21
Here,29,3,20
"New Orleans, LA",29,1,23
Ohio,28,3,21
"Cincinnati, OH",28,2,24
Neverland,28,1,23
Paradise,27,5,20
Italia,27,3,16
hell,27,4,20
"Louisiana, USA",27,1,23
"Bronx, NY",27,3,20
"Queens, NY",26,1,17
"Manila, Philippines",26,6,23
india,26,2,18
"Nashville, TN",26,1,18
NY,26,4,15
"Connecticut, USA",25,3,17
"MontrÃ©al, QuÃ©bec",25,1,17
"Sydney, Australia",25,6,14
"Oklahoma, USA",24,3,16
Manchester,24,5,13
Finland,24,6,21
"North West, England",24,6,13
à¤­à¤¾à¤°à¤¤,24,1,15
london,24,4,14
"Kolkata, India",24,3,18
Brasil,24,2,22
Islamic Republic of Iran,23,16,5
Sweden,23,2,13
Wales,23,2,17
"Calgary, Alberta",23,9,21
DMV,23,2,16
"Indiana, USA",23,2,12
"Memphis, TN",23,3,16
Johannesburg,23,3,18
New Zealand,23,6,19
Portugal,23,5,21
Colorado,23,2,17
"West Midlands, England",22,1,17
The Netherlands,22,1,20
"Kampala, Uganda",22,2,20
Virginia,22,1,18
"Buffalo, NY",22,3,18
Deutschland,22,1,15
"Liverpool, England",22,4,15
"Perth, Western Australia",21,2,17
Spain,21,2,16
INDIA,21,1,14
Japan,21,5,16
Essex,21,2,14
New England,21,1,15
"Utah, USA",20,5,15
earth,20,1,19
"à¤¨à¤ˆ à¤¦à¤¿à¤²à¥à¤²à¥€, à¤­à¤¾à¤°à¤¤",20,1,13
Bharat,20,4,15
"Raleigh, NC",20,1,13
"Cairo, Egypt",20,1,19
"Cambridge, England",20,4,13
"Cleveland, OH",19,2,12
"Pune, India",19,3,12
Lagos Nigeria,19,1,15
"Cork, Ireland",19,4,12
Maryland,19,1,13
United Arab Emirates,19,1,15
America,19,1,13
"Tucson, AZ",18,2,14
Abuja,18,3,13
"Newcastle Upon Tyne, England",18,5,16
Africa,18,2,16
"Norfolk, United Kingdom",18,18,18
"Sheffield, England",18,6,12
"Alberta, Canada",18,2,12
usa,18,3,17
NJ,17,2,12
Illinois,17,1,13
Mexico,17,2,15
Pune,17,3,11
"North East, England",17,3,10
"Washington, D.C.",17,2,14
World,16,1,13
Republic of Korea,16,2,14
"Louisville, KY",16,3,11
Cape Town,16,2,12
"Chennai, India",16,1,8
"Cardiff, Wales",16,3,9
Atlanta,16,1,14
Washington State,16,1,14
Washington DC,16,1,15
he/him,16,2,12
"Leicester, England",15,3,9
"Kansas City, MO",15,1,12
"Kaduna, Nigeria",15,2,14
Pretoria,15,1,13
Birmingham,15,2,8
"Noida, India",15,3,12
Brooklyn,15,1,12
"Punjab, Pakistan",15,1,10
+63,15,1,12
"Belfast, Northern Ireland",15,1,8
they/them,15,4,14
Brazil,15,2,12
Indiana,15,2,12
South Carolina,15,1,11
Ottawa,14,6,9
Maldives,14,1,11
"Toronto, Canada",14,1,9
People's Republic of Mancunia,14,10,9
"Kansas, USA",14,1,12
The World,14,3,11
Puerto Rico,14,6,8
"Gurgaon, India",14,2,11
Sheffield,14,2,11
MNL,14,5,11
Lahore,14,2,9
"Manchester, UK",14,4,8
"Alexandria, Egypt",14,2,12
Melbourne,14,1,9
"Bloemfontein, South Africa",14,2,13
Nairobi,14,1,8
Hyderabad,14,1,8
"Nevada, USA",14,1,10
Egypt,14,1,13
"SÃ£o Paulo, Brasil",14,1,13
All Cats Have Asperger's Meow,13,7,9
"Kano, Nigeria",13,2,8
Philadelphia,13,1,12
"Charleston, SC",13,1,10
San Diego,13,2,11
Mars,13,1,7
Connecticut,13,3,11
"Delhi, India",13,2,9
Nederland,13,1,13
LDN,13,2,7
HTX,13,2,11
North America,13,3,10
"Queensland, Australia",13,2,9
"Fayetteville, NC",13,2,8
"Iowa, USA",13,2,8
Bristol,13,3,7
"Omaha, NE",13,1,10
Space,13,1,10
"Nottingham, England",13,3,10
Dubai,13,3,8
"Manhattan, NY",13,4,7
Bahrain,13,1,11
LA,12,1,8
everywhere,12,1,10
"Cebu City, Central Visayas",12,1,9
htx,12,1,7
"Rio de Janeiro, Brasil",12,1,8
Berlin,12,1,8
Sydney,12,4,9
.,12,2,8
Kuwait,12,2,9
"Galway, Ireland",12,8,5
Unknown,12,1,8
"Brighton, England",12,2,8
US,12,1,12
European Union,12,3,8
"Fort Worth, Texas",12,3,6
India,12,3,7
Yorkshire,12,2,9
"New South Wales, Australia",12,3,8
"Selangor, Malaysia",12,1,12
england,12,2,7
"Tacoma, WA",11,1,7
Midwest,11,1,8
"Sacramento, CA",11,2,7
Belgium,11,1,8
Tokyo,11,1,7
Durban,11,1,6
NC,11,1,5
"Maine, USA",11,2,9
Kent,11,1,7
"Brussels, Belgium",11,4,7
Uk,11,1,9
"Oakland, CA",11,1,10
"Bangalore, India",11,3,6
"Maharashtra, India",11,1,8
Quezon City,11,2,11
"Ä°stanbul, TÃ¼rkiye",11,3,8
"Rochester, NY",11,2,9
"Preston, England",11,4,8
Leeds,11,2,8
East Coast,11,3,8
"Adelaide, South Australia",10,3,6
"Honolulu, HI",10,1,6
Greece,10,1,8
"Birmingham, UK",10,1,8
Detroit,10,1,5
nowhere,10,1,9
Ahmedabad,10,3,8
"Port Harcourt, Nigeria",10,1,7
canada,10,2,6
"Rajasthan, India",10,1,8
Wonderland,10,2,6
South Florida,10,1,9
"Derry, Ireland",10,2,7
Kansas City,10,2,7
"Jacksonville, FL",10,1,9
"Fresno, CA",10,1,8
TX,10,1,9
Massachusetts,10,1,8
philippines,10,2,7
"London, United Kingdom",10,1,5
"Edmonton, Alberta",10,1,8
"Harare, Zimbabwe",10,1,8
"Haryana, India",9,2,6
toronto,9,1,7
lost,9,1,8
"Ealing, London",9,1,7
Karachi,9,1,7
"Moscow, Russia",9,1,6
"Bhind, Madhya Pradesh",9,3,7
TÃ¼rkiye,9,2,8
ëŒ€í•œë¯¼êµ­,9,3,9
"Atlanta, Georgia",9,1,6
Hertfordshire,9,2,9
"San Jose, CA",9,1,7
"El Paso, TX",9,1,5
"Stockholm, Sweden",9,1,5
"Ibadan, Nigeria",9,1,8
Venezuela,9,1,7
Antarctica,9,3,8
Brasil - SÃ£o Paulo SP,9,9,9
"Blackpool, England",9,1,4
Islamabad,9,1,6
Bengaluru,9,1,4
malaysia,9,1,7
"Vienna, Austria",9,2,7
Nottingham,9,1,5
Airstrip One,9,6,5
"Caracas, Venezuela",8,2,4
"Ahmadabad City, India",8,2,6
"Corpus Christi, TX",8,1,4
Jakarta,8,1,5
"Bakersfield, CA",8,1,6
Cambodia,8,1,4
"Baton Rouge, LA",8,1,4
"Orange County, CA",8,1,6
"Patna, India",8,1,7
"Reading, England",8,1,5
"East Midlands, England",8,1,6
"Lisboa, Portugal",8,1,8
"Nerul, Navi Mumbai",8,4,8
"Rohtak,India",8,2,6
Gurugram,8,3,7
Kolkata,8,2,6
"Let us pray for everyone, for everything, for every needs",8,1,7
Sverige,8,2,4
South London,8,1,7
"Winnipeg, Manitoba",8,1,6
"New Delhi, Delhi",8,1,7
Vancouver,8,1,7
Missouri,8,1,8
manchester,8,3,4
mumbai,8,1,6
"Dubai, UAE",8,1,8
"Porto, Portugal",8,3,6
Iowa,8,1,8
world,8,1,7
wonderland,8,1,7
"Soweto, South Africa",8,1,8
Jammu And Kashmir,8,1,8
"Chicago, Illinois",8,1,6
"Erie, PA",8,2,5
Parts Unknown,8,1,5
"Brisbane, Queensland",8,2,6
Cincinnati,8,2,7
Austria,8,1,5
"Salt Lake City, UT",8,1,7
æ—¥æœ¬,8,2,8
"Staten Island, NY",8,1,3
Utah,7,2,5
"Myrtle Beach, SC",7,1,5
"Halifax, Nova Scotia",7,1,3
Cambridge,7,2,4
"Exeter, England",7,4,4
"Midwest, USA",7,1,4
behind you,7,1,3
"Yonkers, NY",7,2,3
ğŸ‡¬ğŸ‡§,7,2,5
Malta,7,3,6
"Nebraska, USA",7,2,6
somewhere,7,1,5
Edmonton,7,4,6
PA,7,1,3
Manila,7,1,5
Zimbabwe,7,1,5
"Lagos, Nigeria.",7,2,5
Kansas,7,1,4
"linkedin, indeed, glassdoor",7,1,5
Alabama,7,1,5
Northern Virginia,7,1,5
"City of London, London",7,2,4
Botswana,7,2,3
Upstate NY,7,1,6
I was censored by youtube. Exurb1a/Gareth Emery try to silence me.,7,5,5
U.S.A,7,2,7
dmv,6,1,3
"National Capital Region, Repub",6,2,5
east london,6,1,4
"Himachal Pradesh, India",6,1,3
"Geneva, Switzerland",6,1,5
"Muscat, Oman",6,1,6
"Katsina, Nigeria",6,1,4
à¤¦à¤¿à¤²à¥à¤²à¥€,6,2,4
I live under Jacksepticeye bed,6,4,6
"Hull, England",6,1,1
"Missoula, MT",6,1,6
Cardiff,6,1,5
"San Juan, Puerto Rico",6,1,3
"Vermont, USA",6,3,4
Karachi Pakistan,6,1,4
Brisbane,6,1,2
"Makati City, National Capital",6,2,6
south africa,6,1,4
CT,6,1,4
"Manchester, NH",6,2,5
"Arlington, TX",6,1,2
"Corona, CA",6,1,3
Plymouth,6,1,6
Pale Blue Dot,6,1,5
Abuja Nigeria,6,1,5
"Coventry, England",6,1,3
"Rhode Island, USA",6,1,4
Amsterdam,6,1,4
LUX,6,5,6
"Sao Paulo, Brazil",6,1,4
West Virginia,6,1,5
"Green Bay, WI",6,1,6
"Victoria, British Columbia",6,3,4
"Jos, Nigeria",6,1,6
heaven,6,1,6
"Lima, Peru",6,1,6
"Peterborough, England",6,1,4
"Canterbury, England",6,1,2
"Portsmouth, England",6,4,2
"Guwahati, India",6,1,4
Online,6,2,4
ireland,6,2,6
Zamboanga City,6,1,4
"Quezon City, National Capital",6,2,4
blm,6,1,5
"Victoria, Australia",6,3,2
Abra x San Fernando x Manila,6,3,4
"Derry, Northern Ireland",6,3,3
"Mumbai, Maharashtra",5,2,4
Russia,5,1,4
Phoenix,5,1,4
nigeria,5,1,4
Marikina City,5,2,4
"Brooklyn, New York",5,1,4
"Murfreesboro, TN",5,1,5
"Surrey, UK",5,1,2
"Burlington, VT",5,1,4
"Selwyn District, New Zealand",5,1,1
"Leeds, UK",5,2,1
"Meath, Ireland",5,2,4
"Charlottesville, VA",5,1,5
"Gwalior, India",5,1,3
ğŸ‡²ğŸ‡½,5,1,5
"Hell, MI",5,1,5
"Las Vegas, Nevada",5,1,4
My house,5,3,4
221B Baker Street,5,1,3
"Amsterdam, The Netherlands",5,1,3
"Fargo, ND",5,2,3
Lancashire,5,2,4
Delhi NCR,5,1,4
"Devon, UK",5,2,3
Pittsburgh,5,1,2
Lost,5,1,3
"Nova Scotia, Canada",5,1,3
"Dundee, Scotland",5,2,2
"Prague, Czech Republic",5,2,4
Riyadh,5,1,4
"Bulawayo, Zimbabwe",5,1,4
"Manila City, National Capital",5,4,5
Barcelona,5,1,5
DM[V],5,1,2
"Allahabad, India",5,1,4
"Colchester, England",5,2,3
Ukraine,5,1,5
"Munich, Bavaria",5,1,4
"Monterrey, Nuevo LeÃ³n",5,1,5
Area 51,5,1,4
3rd Rock from the Sun,5,1,5
"Tamil Nadu, India",5,1,4
RomÃ¢nia,5,1,4
"London, Ontario",5,1,2
Katni,5,2,4
"Islington, London",5,2,3
Sussex,5,1,3
South Wales,5,2,3
Switzerland,5,2,2
contact@mentallyaware.org,5,2,4
scotland,5,3,1
"Montgomery, AL",5,1,2
Makati City,5,1,4
"Tema, Ghana",5,1,3
"Croydon, London",5,1,1
WV,5,1,3
Ã–sterreich,5,1,3
Dominican Republic,5,1,3
Cheshire,5,1,4
"Bengaluru, Karnataka",5,1,3
Romania,5,2,3
"British Columbia, Canada",5,2,5
Costa Rica,5,1,4
Greater Vancouver,4,1,2
"Maiduguri, Nigeria",4,1,4
"Lipa City, Calabarzon",4,1,2
Schweiz,4,1,3
"Springfield, IL",4,1,3
"Jaipur, Rajasthan",4,3,4
Nairobi Kenya,4,1,3
"Inverness, Scotland",4,1,3
"Auckland, New Zealand",4,1,4
new,4,1,4
essex,4,1,1
"Calabarzon, Republic of the Ph",4,1,3
"Already Great, New Jersey",4,3,4
"Abu Dhabi, UAE",4,1,4
Surrey,4,2,3
Belfast,4,1,1
Cumbria,4,2,3
"Stirling, Scotland",4,1,2
"Springs, South Africa",4,1,4
VA,4,1,4
somewhere in neverland,4,1,3
Bhaktistan,4,1,3
panipat,4,1,4
"Provo, UT",4,1,4
"Vancouver, BC",4,1,2
Â¯_(ãƒ„)_/Â¯,4,2,2
South East,4,1,3
"Pompano Beach, FL",4,2,2
Madagascar,4,1,3
"Fullerton, CA",4,1,4
"Des Moines, Iowa",4,1,3
Caught the bus,4,2,1
district 9,4,1,4
"Glasgow, UK",4,1,3
SRQ,4,1,3
"Ann Arbor, MI",4,1,2
Federal Capital Territory,4,1,3
"Lubbock, TX",4,1,3
Baku,4,1,4
"Duncanville, TX",4,1,3
Wiltshire,4,1,2
"Bedford, England",4,1,3
"Camden Town, London",4,1,3
"Fort Lauderdale, FL",4,1,3
"Olongapo City, Central Luzon",4,3,4
Outer Space,4,1,4
citizen of the omniverse,4,3,2
"Milton Keynes, England",4,1,3
Country NSW,4,3,3
lahore,4,1,3
"Morris Plains, NJ",4,1,2
"Madrid, Spain",4,1,3
"Waterford, Ireland",4,2,4
"Eau Claire, WI",4,2,2
"Abu Dhabi, United Arab Emirates",4,1,3
SHERLOCK HOLMES: Consulting Detective. Calculating Machine. Logician. Frugal Tastes. Egotistical. Righteous. Cigars. Persian Slippers. Bohemian.,4,1,4
"Denver, Colorado",4,2,4
"National Capital Region, Republic of the Philippines",4,1,3
"Norwich, England",4,3,2
"Franklin, TN",4,1,3
"New Brunswick, Canada",4,2,4
"NYC, NY",4,4,2
UAE,4,1,3
Saint Lucia,4,2,4
Bombay,4,1,3
"Katy, TX",4,1,2
"Aurangabad, Maharashtra",4,1,3
Lincolnshire,4,1,2
"Roanoke, VA",4,2,3
"Beverly Hills, CA",4,1,2
MA,4,1,2
"Jackson, TN",4,2,2
"Providence, RI",4,1,2
"Karaikal, India",4,4,4
Idaho,4,1,4
WorldWide,4,1,4
Baltimore,4,1,4
"Halifax, England",4,1,2
"Johannesburg,South Africa",4,1,4
"Troy, NY",4,1,2
los angeles,4,1,3
"Varanasi, India",4,1,4
"Jakarta Capital Region, Indonesia",4,1,3
"Flint, MI",4,1,2
"Hamburg, Germany",4,1,3
"Galveston, TX",4,1,3
Pilipinas,4,1,2
...,3,1,2
"Quezon City, Philippines",3,2,3
"Merton, London",3,1,3
australia,3,1,1
"Bruxelles, Belgique",3,1,3
Hollywood,3,1,1
"San Diego,  CA",3,1,2
"Ø§Ù„Ø£Ø³ÙƒÙ†Ø¯Ø±ÙŠØ©, Ù…ØµØ±",3,1,1
Costa Leona,3,2,3
local,3,1,2
=ÍŸÍŸÍ  â™¡  ë°©íƒ„  â™¡ =ÍŸÍŸÍÍ,3,1,2
Limpopo,3,1,3
TharkisTan ğŸ’‹,3,1,3
peterborough,3,1,2
Etats-Unis,3,1,3
Guyana,3,1,3
West Wales,3,1,2
Hyrule,3,1,1
"Fort Walton Beach, FL",3,1,2
U.K,3,1,2
Trinidad,3,1,2
Hull,3,1,2
"Toodyay, Western Australia",3,1,3
the literal woods,3,3,2
Heaven ğŸŒ,3,1,2
Queens.,3,1,3
"Marietta, GA",3,1,2
Basingstoke,3,1,2
"Ellisville,Mississippi JonesCo",3,1,2
Observing the NHS failures,3,1,2
Harare,3,1,3
"Takoma Park, MD",3,1,3
"Dallas, Tx",3,1,3
KCMO,3,1,3
South Africa (Azania),3,2,3
"Lexington, KY",3,1,1
Cagayan de Oro City,3,2,2
"College Station, TX",3,1,3
"Bloomington, IN",3,1,1
Katlehong   ğŸ‡¿ğŸ‡¦,3,1,3
maryland,3,1,3
"Gloucester, England",3,2,1
Nebraska,3,1,2
"Vic, Australia",3,1,3
"Kanpur, Uttar Pradesh",3,1,2
"Swansea, Wales",3,1,2
"St Paul, MN",3,1,3
CANADA,3,1,2
Alberta,3,1,3
Any town USA,3,1,3
"Harrisburg, PA",3,1,2
random opium den~19th c London,3,1,3
"Portsmouth, UK",3,1,1
"Canterbury, UK",3,3,1
"Santa Clarita, CA",3,1,3
Peshawar,3,1,2
"Seoul, Korea",3,1,2
Warwickshire,3,1,1
"Norwalk, CA",3,1,2
Milwaukee,3,1,1
"â‰¡âœ—âŠ™ Planet , L-1485 ğŸ‡®ğŸ‡³",3,1,1
Konoha,3,1,3
"Bailiwick of Guernsey, United",3,1,1
The Great State of Texas,3,1,3
Bournemouth,3,2,1
Milky Way Galaxy,3,1,2
Bombay  Necropolis  Where the cold brew and video games are,3,2,3
The Cloud,3,2,2
The Void,3,1,2
"Sonipat, India",3,1,1
"Wolverhampton, England",3,1,1
NIGERIA,3,1,2
UP Manila,3,1,1
"Tzaneen, South Africa",3,2,3
"Scotland, Glasgow",3,1,3
Earth C-137,3,1,2
Eating Food Probably,3,1,3
"Wichita, Kansas",3,1,3
London... Londinium.,3,1,2
Wesht,3,1,2
UST,3,2,2
"Portland, ME",3,1,1
"Pembroke Pines, FL",3,1,1
"Quetta, Balochistan",3,1,3
"San Pedro, Calabarzon",3,1,2
Baguio City,3,1,1
NM,3,1,2
Long Island,3,1,2
"Plymouth, England",3,1,2
With the Royal Council,3,1,1
"Royal Oak, MI",3,1,3
"Seoul,Korea",3,1,3
UP,3,1,1
michigan,3,1,1
"Quezon City, National Capital Region",3,1,3
"West Melbourne, FL",3,1,3
"Vanderbijlpark, South Africa",3,1,3
"South Bend, IN",3,1,3
Central City,3,1,2
No,3,1,2
"West Valley City, UT",3,1,2
ğŸ‡±ğŸ‡§,3,1,2
"Olathe, KS",3,1,3
Cagayan De Oro City,3,1,3
"Rio de Janeiro, Brazil",3,1,3
Gazorpazorp,3,1,3
south wales,3,1,1
Quebec,3,1,3
Citizen of The World,3,1,2
Calgary,3,1,3
Londoner at heart (UK),3,2,2
"Laguna, Philippines",3,1,2
germany,3,1,1
Bogota,3,1,3
"London , UK",3,2,1
"Vancouver, WA",3,1,2
no,3,1,1
"Salford, England",3,2,2
Abuja nigeria,3,1,2
"York, UK",3,1,3
"York, PA",3,1,3
"Pondicherry, India",3,1,3
"Nagpur, India",3,1,2
"Oldham, England",3,1,2
dublin,3,1,2
SAAD Computer Systems,3,2,2
ğŸŒš,3,2,3
kent,3,1,1
"Brooklyn, NYC",3,1,2
"Beaverton, OR",3,2,2
Newcastle Upon Tyne,3,1,1
"Bengaluru, Karnataka, India",3,2,3
"Modesto, CA",3,1,3
"Ferndale, MI",3,1,3
Ø§Ù„Ø±ÙŠØ§Ø¶,3,1,3
Davao City,3,1,3
gay,3,1,2
Mumtaz Occupied West Bengal.,3,1,3
"Near Asheville, NC",3,1,2
"Australian Capital Territory, Australia",3,1,3
Llanelli,3,1,1
"Richmond, Virginia, USA",3,1,1
Trumpsville,3,2,2
"Orlando, Florida",3,1,3
"Chesterfield County, Virginia",3,1,2
"Kilkenny, Ireland",3,1,2
In Hell,3,2,3
Santiago,3,1,3
"Brussel, BelgiÃ«",3,1,2
"Ahmedabad City, India",3,1,3
"Weymouth, England",3,1,2
"Bellingham, WA",3,2,2
Planet Earth.,3,1,2
West Yorkshire,3,1,2
odisha whats app::7873462424,3,2,2
"Stockport, England",3,3,1
"Bhopal, India",3,1,2
Hebden Bridge,3,1,2
Deeping St James,2,2,2
Uk,2,1,1
kaduna,2,1,1
"Jeddah, Kingdom of Saudi Arabi",2,1,2
"Norfolk, UK",2,1,2
Ottawa - Algonquin Territory,2,2,1
hopeworld,2,1,2
l,2,1,2
JAPAN,2,1,2
"London, Kensington & Chelsea",2,1,2
"Bacoor,Cavite",2,1,2
Proud to be an Indian,2,1,1
GLOBAL,2,1,1
Bangkok Thailand,2,2,1
Your Heart,2,1,1
Rutherglen,2,2,1
"Rohnert Park, CA",2,1,2
Lala Land,2,1,2
All World ğŸŒ,2,1,2
Southern USA,2,1,2
"Newbury, Berkshire, UK",2,1,1
#yeg,2,1,1
"Cumbernauld, Scotland",2,1,1
"Haldimand County, Ontario",2,1,2
221B,2,1,2
Derry City,2,1,2
Writer's Block,2,1,1
"Warwick, England",2,1,1
ğŸ‡µğŸ‡°,2,1,2
"Katy,Texas,USA",2,1,2
pampanga,2,1,2
"Hyderabad, Telangana",2,1,1
"Cagayan De Oro City, Northern",2,1,2
"The Golden Triangle, Texas",2,1,2
The world,2,1,2
North East England,2,1,1
"Greater Vancouver, British Columbia",2,1,2
"@JADEMOUNTAIN, ST.LUCIA.",2,1,2
Southside,2,1,1
"Chennai &  Salem,",2,2,2
H-Town,2,1,2
"melbourne, australia",2,1,1
"Falkirk, Scotland",2,1,1
Kennesaw Georgia,2,1,2
Fayetteville,2,1,1
Tunbridge Wells,2,2,1
UP Diliman,2,1,2
æ–°åŠ å¡,2,1,2
Living BLUE in Red state AZ!,2,2,2
"Nanaimo, British Columbia",2,1,1
"Banbury, Oxfordshire, England",2,1,2
Hell.,2,1,2
"Government District, Dallas",2,1,1
Mzansi Wethu,2,2,2
none,2,1,2
cyberspace,2,1,1
Rochdale,2,1,1
Murfreesboro TN,2,1,1
lucknow,2,1,2
"Bergen County, NJ",2,1,1
Chicago area,2,1,1
Down the weirs,2,1,2
all over the place,2,1,1
"Cliche, USA",2,1,2
Late Stage Capitalism,2,1,1
Shangrila,2,1,2
à¸›à¸£à¸°à¹€à¸—à¸¨à¹„à¸—à¸¢ Thailand Bangkok,2,1,2
"Cabanatuan, Central Luzon",2,1,2
"Aguascalientes, MÃ©xico",2,1,1
southern Calif. (NO DMs),2,1,2
"Redondo Beach, CA",2,1,1
"Loughborough, England",2,1,2
Norwich,2,1,1
"Glasgow, Scotland, UK",2,1,1
Great Britain,2,1,1
bangkok,2,1,2
the ring of fire,2,1,2
Planet Ping Pong,2,1,2
Middle Of Nowhere,2,1,2
planet Irk (aka Austin),2,1,2
"Westlock, Alberta",2,1,2
Polokwane,2,1,2
konoha,2,1,1
ğŸ¥€,2,1,2
Western New York,2,1,2
"Sunderland, England",2,1,2
"gwagwalada,Nigeria",2,1,2
"Shermer,  Illinois",2,1,1
"Bournemouth, England",2,1,2
RÃ©publique DÃ©mocratique Du Congo,2,1,2
206,2,2,2
Xanadu,2,1,1
"Chakwal, Pakistan",2,1,1
Seattle WA,2,1,2
six feet under,2,1,2
"Perthshire, Scotland",2,2,1
"à¤®à¤¹à¤¾à¤°à¤¾à¤·à¥à¤Ÿà¥à¤°, à¤­à¤¾à¤°à¤¤",2,1,2
"Lower Saxony, Germany",2,1,2
801,2,1,1
vegas,2,1,1
GGN-HYD-MAA-TVL à®œà®®à¯à®ªà¯à®¤à®¿à®µà¯€à®ªà®®à¯,2,1,2
"Alief, Houston",2,1,2
"Minnesota,USA",2,1,2
Az,2,1,1
hyd,2,1,2
chanyeol's pocket,2,1,1
"Surrey, British Columbia",2,1,1
leicester,2,1,2
cleğŸ“mia,2,2,2
"Winnipeg, MB",2,1,2
soapbox,2,1,1
420th Parallel Universe,2,1,2
Maximo Esguerra Traya Jr.,2,1,2
"à¤¬à¤²à¤¿à¤¯à¤¾, à¤­à¤¾à¤°à¤¤",2,2,2
"East Kilbride, Scotland",2,1,2
"Bellshill, Scotland",2,2,1
"Airdrie, Scotland",2,1,1
"Claremont, CA",2,1,1
"Edinburg, TX",2,1,2
detroit / el paso /,2,1,2
"Northern SuckyTucky,KochTucky",2,1,2
papertrail,2,2,1
"Ypsilanti, MI",2,1,2
dead inside,2,1,1
"srinagar, Jammu And Kashmir",2,1,2
"Pittsburg, CA",2,1,1
York England,2,1,2
Southeastern Massachusetts,2,1,2
"Baton Rouge,   LA",2,1,2
"East Coast, USA",2,1,1
"Wiesbaden, Deutschland",2,1,2
hyderabad,2,2,2
"GÃ¶teborg, Sverige",2,1,1
"US: 35.361683,-94.415535",2,1,1
"Ú©Ø±Ø§Ú†ÛŒ, Ù¾Ø§Ú©Ø³ØªØ§Ù†",2,1,1
Girls can do anything,2,1,2
"Syracuse, NY",2,1,2
"Ilford, London",2,1,2
"Belfast, Ireland",2,1,1
Land Below The Wind,2,1,1
"Houston,TX",2,2,2
"Antioch, Syria",2,1,1
New York City (Gotham City),2,2,2
dystopia,2,2,1
"Thurso, Scotland",2,2,1
MY,2,1,2
ğŸˆâ”,2,1,2
"Oneonta, NY",2,1,2
"Long Beach, NY",2,1,1
Chelsea fc,2,1,2
2600,2,1,1
Hackney,2,1,1
norwich,2,1,1
Cavite,2,1,1
University of Hull,2,2,2
Ğ Ğ¾ÑÑĞ¸Ñ & England,2,1,1
"oslo, norway",2,2,1
Ze/zir,2,1,1
EveryWhere,2,1,2
TN,2,1,2
KREV,2,1,2
"West Des Moines, IA",2,2,2
My House,2,1,2
"Scotland, UK",2,1,2
"Kitchener, Ontario",2,1,2
ottawa ontario,2,2,1
â˜€,2,1,1
"Homewood, IL",2,1,1
CLE,2,1,1
hf'18//uwmâ€™22//blm,2,1,2
Where We Go One We Go All.USA!,2,1,2
"Totnes, England",2,2,2
State of Fear,2,2,2
"Oshkosh, WI",2,1,2
Edmonton Alberta Canada,2,1,2
"Wendimoor, Colombia",2,2,2
â¤@onyhna (6-20-16)â¤,2,1,2
Fillory,2,1,2
my bed,2,1,1
"Helsinki, Finland",2,1,1
"Walsall, England",2,1,2
"Maidstone, South East",2,2,1
on the Rails,2,1,1
"Hertfordshire, England",2,1,2
90745 â¡ï¸ 74804,2,1,2
SEAPORT 1A,2,1,2
ez@makeupandmorphine.com,2,1,2
"Tucson,Az.",2,2,2
"Surehra Village, New Delhi",2,1,2
DFW,2,1,2
HacksawRidge prayin 4 one more,2,1,1
Jeypore,2,1,1
"Istanbul, Turkey",2,1,1
"Oxford, UK",2,1,1
Jung Suizidal Linksradikal,2,1,1
At The Right Place,2,1,1
"London, England ğŸ‡¬ğŸ‡§",2,1,1
Send me your,2,1,2
Of Thoughts,2,2,2
"Custer County, Nebraska",2,1,1
"Ventura, CA",2,1,1
searching,2,1,2
Lost within my mind,2,2,1
"West Lafayette, IN",2,1,1
"Fingal, Ireland",2,1,1
Pakistan ğŸ‡µğŸ‡°,2,1,2
"General Trias, Calabarzon",2,1,1
julia,2,1,1
Milton Keynes,2,1,1
The Mitten State,2,1,2
Ù…Ø¯ÙŠÙ†Ø© Ø§Ù„Ø±ÙŠØ§Ø¶  Riyadh,2,1,2
Peterborough,2,1,1
"Bhopal,Bengaluru, India",2,1,1
not here,2,1,1
"à¤¬à¤¾à¤¨à¥à¤›à¤¾à¤ªà¤°,à¤¬à¥‡à¤¤à¤¿à¤¯à¤¾,à¤¬à¤¿à¤¹à¤¾à¤°,à¤­à¤¾à¤°à¤¤",2,1,2
*à³ƒâœ© Ë¢Ê°Ê¸ áµ‡áµ˜áµ— Ë¡ÂºÊ¸áµƒË¡ áµáµ˜áµ—áµ˜áµƒË¡ âœ©*à³ƒ,2,1,2
brooklyn,2,1,2
Metro Atlanta,2,1,1
the kingdom of kerry,2,1,2
Guess,2,1,2
"Country Vic, Australia",2,1,1
In the ethers...,2,1,1
"Metairie, LA",2,1,1
Katni M.P.,2,1,1
Charm City,2,2,2
SOUTH AFRICA/JHB/ALRAPARK,2,1,2
"Iloilo City, Philippines",2,1,2
Manila City,2,1,2
â¤ï¸,2,1,1
"Cavite, Philippines",2,1,2
Welkom/Vaal,2,1,1
"MÃ¼nchen, Bayern",2,1,1
Out of Exile,2,1,1
Diepsloot,2,2,2
Annapolis MD,2,1,2
"Cologne, Germany",2,1,1
MSU 2020,2,1,1
Apokolips,2,2,2
"Hyattsville,Maryland",2,1,2
"Rustenburg, South Africa",2,1,2
Ireland ğŸ€,2,1,1
whereverilaymyhat,2,2,2
"Iriga City, Bicol Region",2,1,2
Lost under a vanilla sky,2,1,2
Ilorin,2,1,2
Accra,2,1,2
"Lambeth, London",2,1,1
"Norfolk, England",2,1,2
jjong ğŸŒ™,2,1,1
nate macauley is the loml,2,1,2
My own world,2,1,2
ğŸ‡µğŸ‡·,2,1,2
Disneyland,2,1,1
"Menifee, CA",2,1,2
SupRemcisticiouStateOfHatriots,2,1,2
current location,2,1,2
agbetunsinmojire@gmail.com,2,1,2
My Heart,2,2,2
"Frome, England",2,1,1
"Oslo, NorvÃ¨ge",2,1,1
colorado,2,2,2
"22, ccj/soc '18",2,1,1
"Gaylord, MI",2,1,2
Bangkok,2,1,2
"iPhone: 40.790024,-74.257080",2,1,2
right next to you,2,2,2
LAGOS,2,2,2
Torino,2,1,1
Shirley,2,1,2
Oofâ„¢,2,1,2
MÃ¡s allÃ¡ de la duda razonable,2,2,2
Pasig City,2,1,2
they / her,2,2,2
"Waltham, MA",2,1,2
"Plano, Texas",2,1,2
jell,2,1,1
Orbital Space HQ,2,2,2
The Great Wide Open,2,1,2
"St Pierre de Jards, France",2,1,2
momma's heartâ¤ï¸,2,1,2
"Bristol, United Kingdom, EU",2,1,1
"Faisalabad,Punjab,Pakistan",2,1,1
"Holland, MI",2,1,2
backup: @mlckween,2,2,2
The Zoo,2,1,1
Great state of Texas,2,1,2
nadia jason bea rhi,2,1,2
"The Bunker Under the Alamo, TX",2,2,2
10017,2,2,2
"Harrogate, England",2,1,1
Here and there,2,1,2
"à¤¹à¥‹à¤¸à¤•à¥‹à¤Ÿà¥‡, Bengaluru South",2,1,2
PILIPINAS,2,1,2
"Northridge, CA",2,1,1
"Stoke Newington, Hackney",2,1,2
Midrand,2,1,1
A bunker in middle America,2,1,2
#DV #CSA  #Daniel_Morgan,2,1,2
"Peterborough, Ontario",2,1,2
Volleyball Court,2,1,2
"Irvine, Scotland",2,1,1
South FL,2,1,2
Arkham Asylum,2,1,2
"Pea Ridge, Free Virginia",2,2,2
http://www.bigmoneyptc.com/index.php?ref=kaylab,2,2,2
"Sta. Mesa, Manila",2,1,2
"à¤­à¤¾à¤°à¤¤ ,à¤®à¥à¤®à¥à¤¬à¤ˆ",2,2,2
"Imus, Calabarzon",2,1,2
"WEST CORNWALL, SOUTHWEST U.K.",2,1,2
they/he,2,1,2
"Eagles Nest, Pakistan",2,1,1
"Porirua City, New Zealand",2,2,1
"à¤®à¤‚à¤¦à¤¸à¥Œà¤°, à¤­à¤¾à¤°à¤¤",1,1,1
ï¼¶ãƒãƒ¥ãƒ¼ãƒãƒ¼ã™ã“,1,1,1
kathmandu,1,1,1
à¸šà¸²à¸£à¹Œà¸šà¸µà¹‰à¹à¸¥à¸™à¸”à¹Œà¹à¸”à¸™à¸—à¸¸à¹ˆà¸‡à¸«à¸à¹‰à¸²à¸ªà¸µà¸Šà¸¡à¸à¸¹,1,1,1
Northampton uk,1,1,1
Blok 2 nomor 21 kota Beika,1,1,1
Some sh#th$le,1,1,1
"Barrie, Ontario",1,1,1
Ulster University,1,1,1
"Time and Space, Bunker, Baker",1,1,1
In a place,1,1,1
elias ğŸŒ¹ they/them ğŸŒ¹ aleks â£ï¸,1,1,1
vi.xxii.xvi,1,1,1
"Florida Panhandle, USA",1,1,1
Ulster,1,1,1
Lincoln/Coventry,1,1,1
Dumaguete City,1,1,1
THIS COUNTRY NEEDS AN ENEMA!!,1,1,1
tinig spo,1,1,1
"toyama,japan",1,1,1
Turtle School,1,1,1
Mumbai Kalina,1,1,1
dlsud,1,1,1
ğŸ‘‡ğŸ»â˜¹ï¸ğŸ™ğŸ¼pls!!!!,1,1,1
Indian Occupied Kashmir,1,1,1
Euroland,1,1,1
Lunar Warlock Twixy koa,1,1,1
"Manila, Philipines",1,1,1
"Waffle Town, Turtleland",1,1,1
"Lancaster, Pa via Pittsburgh",1,1,1
"Altadena, CA",1,1,1
Puget Sound region,1,1,1
In a world of pure imagination,1,1,1
"â€¢ig: avixism â€¢Hellville, IL",1,1,1
"Barnstaple, England",1,1,1
Bhubaneswar,1,1,1
"Pila, Calabarzon",1,1,1
Im from ur hartğŸ¤—ğŸ’˜ğŸ–•,1,1,1
mukhed dist nanded,1,1,1
FloriDUH,1,1,1
Los Angeles - USA - Canada,1,1,1
"Weston-super-Mare, England",1,1,1
"Scunthorpe, England",1,1,1
Sa bahay lang.,1,1,1
Seatttle,1,1,1
éŒå€‰ã®é‰„å¡”ã€‚,1,1,1
South Carolina (USA),1,1,1
Mysore,1,1,1
pretoria South Africa,1,1,1
Kingdom of Far Far Away,1,1,1
é‰„æ‹³é–¢ä¿‚ã®æ–¹ä»²è‰¯ãã—ã¦ãã ã•ã„â™ª æ±äº¬ä½ã¿,1,1,1
Delhi/ Dar Es Salaam/ Nairobi,1,1,1
Parksville BC,1,1,1
Pro-Christian in AB & AZ,1,1,1
"Frankfort, KY",1,1,1
"Delmar, MD",1,1,1
somewhere dying,1,1,1
Rehiyon ng Lambak ng Cagayan,1,1,1
"Ahmedabad,India",1,1,1
Pietermaritzburg / Ulundi,1,1,1
London and Kabul,1,1,1
deanna,1,1,1
"Milton, Ontario",1,1,1
iraq,1,1,1
the stigs bengali cousin,1,1,1
NOLA âœˆï¸ SC,1,1,1
guils // pam.,1,1,1
"Orange Curtain, CA",1,1,1
Central Texas âœ­,1,1,1
Hell - Purgatory,1,1,1
ğŸ²ğŸ¦ƒ,1,1,1
somewhere in Europe,1,1,1
Planet Ring,1,1,1
camp half blood,1,1,1
Na merda,1,1,1
Graveyard of Souls,1,1,1
In the studio,1,1,1
Pasig city,1,1,1
Ireland,1,1,1
"Fife, Scotland",1,1,1
Carl Angelo ğŸŒ¹,1,1,1
Birmingham.,1,1,1
manchester ::/,1,1,1
Ahwatukee,1,1,1
ê²¨ìš¸ ë‚´ë¦¬ë§‰ê¸¸ ë’·ë©´,1,1,1
"Here today, there tomorrow",1,1,1
"New York, London, Hong Kong",1,1,1
Free State Bloemfontein,1,1,1
Stourbridge,1,1,1
Laniakea,1,1,1
ğŸ‡µğŸ‡­  ğŸ‡¸ğŸ‡¦,1,1,1
à¤¯à¤¤à¥à¤° à¤¶à¤°à¥€à¤°à¤®à¥ à¤¨à¤¯à¤¤à¤¿,1,1,1
Manila x LB ğŸ‡µğŸ‡­,1,1,1
ğŸ’–,1,1,1
"Lancaster, OH",1,1,1
Gaza - Palestine,1,1,1
San Juan City,1,1,1
priv @gothlittlegirls,1,1,1
"Trenggalek, Indonesia",1,1,1
à¤¹à¤¿à¤¨à¥à¤¦à¥à¤¸à¥à¤¤à¤¾à¤¨,1,1,1
nikkoi's,1,1,1
"Gig Harbor, Washington, USA",1,1,1
#850 #pcola #SVG,1,1,1
"southern california, OC area",1,1,1
SOMEWHERE,1,1,1
He/they,1,1,1
"Lawrenceburg, TN",1,1,1
"Ealing, London, UK",1,1,1
Enugu,1,1,1
"Durban,Umlazi,South Africa",1,1,1
Beach City,1,1,1
sc; marchieeeeee,1,1,1
Oswego Illinois,1,1,1
"Saint Louis,mo",1,1,1
Kepler-22B,1,1,1
a desk near a window,1,1,1
vernon,1,1,1
Still lost in ikea,1,1,1
Jongdae's vocal cords,1,1,1
South Coast UK,1,1,1
"FoCollins, CO",1,1,1
Ciudad sa Sugbo,1,1,1
"Rajsamand, bhim tehsil (Raj)",1,1,1
PDX / TXL / âœˆ,1,1,1
Northamptonshire / Barrow Man,1,1,1
5501 locke,1,1,1
"Wellington, England",1,1,1
Subic Â· Manila,1,1,1
"Espoo, Finland",1,1,1
New york shitty,1,1,1
Starkiller's trash compactor,1,1,1
"Mouseville, NE Texas, USA",1,1,1
Somewhere in Southern England,1,1,1
international****worldwide,1,1,1
"The Bridge of Wood, VA",1,1,1
"Manchester,UK",1,1,1
cole world,1,1,1
your heart,1,1,1
dyanlang,1,1,1
Your head,1,1,1
"32.7357Â° N, 97.1081Â° W",1,1,1
"Abbotsford, BC",1,1,1
she/herâœ¦lesbian,1,1,1
"La Canada Flintridge, CA",1,1,1
Isla De Muerta,1,1,1
New California Republic,1,1,1
Booncin aboot,1,1,1
Wade County,1,1,1
citizen of the world,1,1,1
MoonStar's Heart,1,1,1
"Colonie, NY",1,1,1
trlc-mnl â€¢ bedista,1,1,1
Clyde's Platonic Soulmate,1,1,1
"Caldas da Rainha, Portugal",1,1,1
Luka#0247,1,1,1
Manila Philippines,1,1,1
Cold,1,1,1
Wabad,1,1,1
Proud Indian,1,1,1
Kasheer.,1,1,1
Australia,1,1,1
"J&K State , Srinager.",1,1,1
"Las Pinas City, National Capit",1,1,1
Pekanbaru,1,1,1
Saint-Ouen - Paris,1,1,1
ğŸŒğŸ‡¯ğŸ‡µğŸ‡³ğŸ‡¿ğŸ‡¬ğŸ‡§ğŸŒˆ,1,1,1
ajjbv    frances â™¡,1,1,1
Mx,1,1,1
ğŸ’› ni cha,1,1,1
"Tomball, TX",1,1,1
my own LITTLE world,1,1,1
"Agra, West UP",1,1,1
eh...,1,1,1
Mindin Mines,1,1,1
6 t h,1,1,1
Mount Fletcher  Soweto,1,1,1
Someplace,1,1,1
"Pangasinan, Philippines",1,1,1
Coahuilense de cepa,1,1,1
#RefugeesWelcome,1,1,1
yumenosaki,1,1,1
Hearts,1,1,1
4/09/13 - 12/06/15,1,1,1
Sacramento,1,1,1
Rowing Position #41,1,1,1
ROOTS  Ben&BenBB,1,1,1
Pasay City.,1,1,1
"Princeton, NJ",1,1,1
"4.7140Â° N, 114.6668Â° E",1,1,1
"Va Beach, Virginia",1,1,1
Mostly found in Australia,1,1,1
"San Juan, TX",1,1,1
Fox Hell,1,1,1
"New England, USA",1,1,1
co cork,1,1,1
Celestial Bodies,1,1,1
maybe basin,1,1,1
ballymena,1,1,1
"El Segundo, CA",1,1,1
in the ether,1,1,1
The Twitterhouse Newsbar,1,1,1
Scunthorpe ...but self-identifying as Las Vegas.,1,1,1
rainford,1,1,1
UiTM Shah Alam,1,1,1
"Dibrugarh, India",1,1,1
behind a very big bush,1,1,1
"Koronadal City, Soccsksargen",1,1,1
basketball â€¢ football,1,1,1
"Herne Hill, London",1,1,1
grove street,1,1,1
A P H S,1,1,1
Sa Bahay,1,1,1
"Milwaukee, WI / Columbia, SC",1,1,1
Not there yet,1,1,1
ë°©íƒ„ì†Œë„Œë‹¨ ~,1,1,1
"Los Cabos, Baja California Sur",1,1,1
"Hertfordshire, UK",1,1,1
South Australia,1,1,1
"JarLey, PH",1,1,1
skyward,1,1,1
The Hippocampus,1,1,1
On the edge of everything looking into the depth of nothing,1,1,1
En el coÃ±o de la Bernarda,1,1,1
Pao,1,1,1
Zepp Tokyo,1,1,1
"Humacao, Puerto Rico",1,1,1
"Lagos, London, LA",1,1,1
"twyford,hampshire",1,1,1
"Ashtabula, OH",1,1,1
"22yo, she/her, tejano, gay",1,1,1
The Island,1,1,1
MNL PH â€¢ WAKANDA,1,1,1
"Eww, no, this isn't Paul Elam.",1,1,1
Newfoundland & Labrador,1,1,1
My father's house,1,1,1
The Pembrooke 330,1,1,1
subic,1,1,1
mo gae,1,1,1
"NYC, &c.",1,1,1
JÃ¶nkÃ¶pings LÃ¤n,1,1,1
"Beeville, TX",1,1,1
"Jakarta, ID",1,1,1
Biar (Alicante),1,1,1
Brakebills/Fillory,1,1,1
Glasgow Girl!,1,1,1
"Wakanda, Alabama",1,1,1
towelie@depressed.net,1,1,1
Birnin Dabo,1,1,1
Malton,1,1,1
Sa paroroonan,1,1,1
ä½è³€,1,1,1
West Lancashire,1,1,1
610,1,1,1
Western NY,1,1,1
æ—¥æœ¬ã®ä½•å‡¦ã‹,1,1,1
"TyresÃ¶, Sweden",1,1,1
"Mobile, AL, United States",1,1,1
"Hyderabad, Andhra Pradesh",1,1,1
"Nasik, à¤­à¤¾à¤°à¤¤",1,1,1
é–¢æ±,1,1,1
The Lowcountry,1,1,1
rural w/ urban proximity,1,1,1
"FrÃ¢nceÅŸti, RomÃ¢nia",1,1,1
MD/ DC,1,1,1
"United Kingdom,Kent.",1,1,1
306/300,1,1,1
Scotlandâ€¢17,1,1,1
"Independence, KY",1,1,1
Tå­—è·¯,1,1,1
CantGetYouOffMyMind,1,1,1
kiyoun?,1,1,1
"Mumbai, India  Srinagar, J&K",1,1,1
ë°© íƒ„ / ğŸ‡µğŸ‡­,1,1,1
Occupied Seminole+ land (~Tampa) â€¢ {End global warming},1,1,1
"Londonderry, Northern Ireland",1,1,1
Las PiÃ±as City,1,1,1
Keng mu pung lele,1,1,1
"Paikamal, India",1,1,1
therainbow,1,1,1
"Sydney, Australia.",1,1,1
"Concord, NC",1,1,1
"Conroe, TX (Houston area)",1,1,1
"-1.290696,36.765063",1,1,1
ğŸŒˆmarvel  transboy  he/him,1,1,1
idgaf â± (â—‹Ğ”â—‹â± ),1,1,1
serpent,1,1,1
Scotland.,1,1,1
"Johustleburg ,South Africa",1,1,1
Athy - New York,1,1,1
Diba bahay niyo? Katabi nun,1,1,1
BANGALORE/NAGPUR,1,1,1
Dark city fourth street,1,1,1
Wurundjeri Country (Preston),1,1,1
Exandria,1,1,1
"Davao City, Philippines",1,1,1
I'm right behind you.,1,1,1
Lx,1,1,1
Mad Night City,1,1,1
In a different dimension.. â­â­â­,1,1,1
"Atteridgeville, South Africa",1,1,1
Daylight â˜€ï¸,1,1,1
Oblivion until you think of me,1,1,1
www.tonyjupp.com,1,1,1
Wadjuk boodja,1,1,1
ğŸ‘‰ğŸ‡µğŸ‡­ğŸ‘ˆ,1,1,1
blaster unique zild badjao,1,1,1
pineapple under the sea,1,1,1
Fanaccount,1,1,1
Renfrew,1,1,1
The Mitten,1,1,1
@DisjointedDreamğŸ’•@Bookaholic,1,1,1
Quezon city,1,1,1
"Lancaster, California",1,1,1
La Union,1,1,1
Cell Block D,1,1,1
S.T.A.A.R Labs,1,1,1
ar gen tina,1,1,1
Aligarh,1,1,1
"Port Angeles, WA",1,1,1
melbourne australia,1,1,1
"Dysart, Scotland",1,1,1
fat mac,1,1,1
@wolfalicemusic follows,1,1,1
China,1,1,1
lisboa,1,1,1
CTF_Florida,1,1,1
â€¹ anti Â· he/him â€º,1,1,1
NJ/NYC,1,1,1
World Wide Web,1,1,1
Mostly in Suitcase,1,1,1
TrueRedUSA,1,1,1
Fritzlandia,1,1,1
221B Baker St.,1,1,1
Peter Pan's Neverland ^_^,1,1,1
"TRIVANDRUM,KERALA STATE,INDIA",1,1,1
St. John's,1,1,1
Mordor,1,1,1
By/in the sea. And London,1,1,1
5o4404,1,1,1
16*29 *loading*,1,1,1
old-world city â™¥,1,1,1
Borivali Mumbai,1,1,1
loonarmy + mcu à¼Š*Â·Ëš,1,1,1
London Town & Online Worldwide,1,1,1
è¡€è‰²æµ·ç£ å¤ªåœ°ç”º å’Œæ­Œå±±çœŒ,1,1,1
Philippines âœˆâœˆâœˆâœˆâœˆ,1,1,1
between your hills,1,1,1
"Lower Indiana, N.A., Earth",1,1,1
I'm in your head!,1,1,1
"Limay, Central Luzon",1,1,1
æ¡œã®æ›¿ã‚ã‚Šã«ç°ã®æŒ¯ã‚‹è¡—,1,1,1
"Appalachia, USA",1,1,1
"Worcester,England",1,1,1
Stallis,1,1,1
"Taguig City, National Capital",1,1,1
he/they/bruhhhh,1,1,1
"Bloemfontein/Welkom, RSA",1,1,1
"Province of Magadan, Russia",1,1,1
In JoJoâ€™s castle ğŸ°,1,1,1
hericane,1,1,1
Kelantan,1,1,1
"Tuguegarao City, Cagayan Valley",1,1,1
aliwang planetağŸ‘½,1,1,1
"Malvik, Norge",1,1,1
Acrefair,1,1,1
English Midlands,1,1,1
"MI, USA",1,1,1
á´˜á´‡á´€Ê€ÊŸ á´Ò“ á´›Êœá´‡ á´Ê€Éªá´‡É´á´› sá´‡á´€s,1,1,1
in hell bc of infinity war,1,1,1
"St. John's, NL",1,1,1
University of East Anglia,1,1,1
nm,1,1,1
Aincrad: The Floating Castle,1,1,1
lol-land,1,1,1
eastern seaboard,1,1,1
Massachusetts via Texas,1,1,1
idol hell,1,1,1
"Ø£Ø¨ÙˆØ¸Ø¨ÙŠ, Ø§Ù„Ø§Ù…Ø§Ø±Ø§Øª Ø§Ù„Ø¹Ø±Ø¨ÙŠØ© Ø§Ù„Ù…ØªØ­Ø¯Ø©",1,1,1
above toronto,1,1,1
Florida swamps,1,1,1
u n k n o w n,1,1,1
Middle-earth. downsouth,1,1,1
Engkantasya,1,1,1
Along the Prime Meridian,1,1,1
IMLADRIS,1,1,1
There & Here,1,1,1
South Deep State,1,1,1
"Santiago City, Isabela",1,1,1
Dayboro,1,1,1
"Bhinmal, India",1,1,1
batangmalvarsincebirth,1,1,1
MNL â€¢ ISA,1,1,1
"Akwa Ibom, Nigeria",1,1,1
wolfiecindy - 18.02.18,1,1,1
A place. Somewhere.,1,1,1
"iPhone: 49.267075,-123.120934",1,1,1
my views are not the DOD's.,1,1,1
East of England,1,1,1
Made in KD,1,1,1
Writer for #áÃ®É¢Êœá´›. [Is a dude],1,1,1
"2 Oak Street, Fakenham",1,1,1
#EarthErodes #LastBreath â†’6ftâ†“,1,1,1
{no relationships},1,1,1
"ATL, GA",1,1,1
Angus Scotland UK ğŸ‡¬ğŸ‡§,1,1,1
she's lost,1,1,1
Jersey Shore,1,1,1
mlvsptj,1,1,1
RH6,1,1,1
ğŸ¥€ .,1,1,1
Nuneaton,1,1,1
"You are here, I am not",1,1,1
DVO x MNL,1,1,1
STREETS,1,1,1
RFO MTO MLG ABS,1,1,1
[5-6-7-8] 09-17,1,1,1
"Alamgari Bazar, Jammu And Kash",1,1,1
NOT IN ASIA ANYMORE,1,1,1
Inside a white belly,1,1,1
"Perlis, Malaysia",1,1,1
BCN,1,1,1
Lost in this dunya,1,1,1
Whorauly 3735 Aust,1,1,1
Down some backroad,1,1,1
"Panama City, Florida",1,1,1
Yorkshire. since '79,1,1,1
Republica de Filipinas,1,1,1
Newport Gwent,1,1,1
Chichester / Manchester,1,1,1
678,1,1,1
Top 7,1,1,1
amanda ğŸ ğŸ’Œ,1,1,1
great beyond,1,1,1
m. naval,1,1,1
Top of the world!,1,1,1
"Hyderabad,Capital of Telugu's",1,1,1
"South Africa,  Johannesburg",1,1,1
"accra,gh",1,1,1
"Mayville, NY",1,1,1
"Elgin, OR",1,1,1
"Pateros, National Capital Regi",1,1,1
she/her//they/them,1,1,1
Chak 777,1,1,1
"TÃ¼bingen, Deutschland",1,1,1
Kym@kymscott.co.uk,1,1,1
åƒè‘‰å¸‚,1,1,1
"Hampshire Hills, Charlotte, NC",1,1,1
Somewhere in this world,1,1,1
"Vikhroli West, Mumbai",1,1,1
awesome/shittae Earth for now.,1,1,1
Sa dimo mapupuntahan,1,1,1
"Oakville, near Toronto",1,1,1
"Cwmbran, South Wales",1,1,1
Sa puso mo,1,1,1
La Isla Del Espanto,1,1,1
"Highland, MI",1,1,1
[He/Him],1,1,1
"Worthing , West Sussex UK",1,1,1
Strawberry fields forever,1,1,1
The Shadow Realm,1,1,1
Ft myers Florida,1,1,1
"Rodriguez, rizal",1,1,1
"Affton, MO",1,1,1
ryjeanell ğŸ’šğŸ™ˆğŸ‘‘,1,1,1
"Kingston Upon Hull, UK",1,1,1
Whither my Fancy is Tickled,1,1,1
Land of the Kulin Nation,1,1,1
GOTH ANGEL SINNER,1,1,1
bourne end bucks,1,1,1
snapchat/insta: jessvining121,1,1,1
Porpoise,1,1,1
Columbia SC,1,1,1
Isla Nublar,1,1,1
sparkle,1,1,1
"Bursa, TÃ¼rkiye",1,1,1
"here, until i'm gone",1,1,1
"saswvt â€” deign, m",1,1,1
Johannesburg South Africa,1,1,1
Pretoria/Bloemfontein,1,1,1
In the shower,1,1,1
Stuck in the middle with u â¤,1,1,1
"Sobradinho, Brasil",1,1,1
@marioharaa made this,1,1,1
Sur ton Ã©cran,1,1,1
UWS,1,1,1
Surrounded by cats,1,1,1
"Red Bank, NJ",1,1,1
Kansas City area.,1,1,1
"* i'm not one, but support those who are     (disclaimer is for clarity, no intended judgement)",1,1,1
"ConcepciÃ³n, Costa Rica",1,1,1
Rice fields,1,1,1
PainPtFightBack@gmail.com,1,1,1
Behind my screen ğŸ’»,1,1,1
Mahikeng/Johannesburg,1,1,1
"Westminster, CA",1,1,1
Out here between Heaven & Hell,1,1,1
MENA-SWAMP in Absurdistan (sweden),1,1,1
"6 October, Egypt",1,1,1
Sheriza Ann â¤,1,1,1
"Steelton, PA",1,1,1
wala akong bahay ğŸ¤£,1,1,1
hawaii ğŸŒŠ â€¢ la ğŸŒ´ â€¢ wakanda ğŸ‚,1,1,1
Yo girls mind,1,1,1
"In a different postcode, that equates to Margret Thatchers' left nipple",1,1,1
"oshawa, ontario, canada",1,1,1
Bharatvarsh,1,1,1
Jakku,1,1,1
Welkom/Bloemfontein,1,1,1
Î¤Î“Î¦,1,1,1
"Brighton, Sussex",1,1,1
chateau lobby #4,1,1,1
The After Partyâ€¢ğŸ“Toronto,1,1,1
"Horley, Surrey",1,1,1
huffleclaw,1,1,1
lbk texas,1,1,1
Fossil Falls,1,1,1
"Elland, West Yorkshire",1,1,1
Las Vegas & New York,1,1,1
Puerto Rico y Venezuela,1,1,1
Hidden Sound Village,1,1,1
Earthball (Right now: Germany),1,1,1
my thoughts,1,1,1
In A House... Duh,1,1,1
salford 7,1,1,1
Find me,1,1,1
NJ to Nashville,1,1,1
UhhhhhHhhhhh,1,1,1
.Armaan's heart,1,1,1
music bands,1,1,1
Ghazipur / New Delhi,1,1,1
wethersfield,1,1,1
Nannerch / Mold / Chester,1,1,1
Herts / Birmingham,1,1,1
"Francois BLVD , DENNERY, SLU",1,1,1
à¤¸à¤°à¤¯à¥‚ à¤•à¤¿à¤¨à¤¾à¤°à¥‡à¤µà¤¾à¤²à¤¾,1,1,1
Yes Lawd!,1,1,1
Khayelitsha,1,1,1
Prob w/ maya (:,1,1,1
Out and about,1,1,1
"Philippines, Caloocan city",1,1,1
ROK,1,1,1
Thohoyandou,1,1,1
England + Ireland ğŸ‡®ğŸ‡ªâ¤ï¸,1,1,1
Figurative World,1,1,1
She/They â†³ #JJONG â™¥ï¸,1,1,1
æ—¥æœ¬ã®ã©ã“ã‹,1,1,1
wala akong bahay,1,1,1
A couch in Russia,1,1,1
KS + SB award winner/ VERIFIED,1,1,1
A mostly harmless planet.,1,1,1
liverpool uk,1,1,1
Westside North Miami,1,1,1
"Principado de Asturias, EspaÃ±a",1,1,1
"Padang, Switzerland",1,1,1
seated,1,1,1
coffee shop,1,1,1
ğŸ‡®ğŸ‡·ğŸ‡®ğŸ‡¶ğŸ‡®ğŸ‡³,1,1,1
Manado,1,1,1
Leicestershire England,1,1,1
A Welsh-Irish-British-European,1,1,1
"Beleriand, Arda",1,1,1
7.24.15  3.29.17,1,1,1
Tarlac City/MAAP,1,1,1
"Salonta, RomÃ¢nia",1,1,1
Prozac Nation {GC},1,1,1
"Trlc, Philippines",1,1,1
Calamba Laguna,1,1,1
@embrazajao,1,1,1
cello,1,1,1
The Bronx.,1,1,1
"crack bot, sometimes manual",1,1,1
South South South Bay,1,1,1
"North Platte, NE",1,1,1
uprp,1,1,1
"Deplorable Ohio, USA",1,1,1
"Taguig City, Philippines",1,1,1
new acc,1,1,1
dasmariÃ±as cavite,1,1,1
i dont know,1,1,1
"Geneva, NE",1,1,1
"Ft. Worth, TX",1,1,1
"El sharkia, Egypt",1,1,1
bangtan,1,1,1
"Saipan, MP",1,1,1
"pampanga, ph  san jose, cali",1,1,1
"Grandville, MI",1,1,1
scotland,1,1,1
current,1,1,1
Hidden Leaf,1,1,1
the wrong side of the tracks,1,1,1
Ortigas,1,1,1
"Caruaru, Pernambuco, Brazil",1,1,1
"Aldersbrook, E.London",1,1,1
"Thurles, Tipperary, Ireland",1,1,1
"à¤¬à¥ˆà¤‚à¤—à¤²à¥à¤°à¥, à¤­à¤¾à¤°à¤¤",1,1,1
Dislocated American,1,1,1
Glorious Sydney,1,1,1
Citizen of the World,1,1,1
Plotskiville,1,1,1
studio ghibli,1,1,1
"Batesville, AR",1,1,1
16.04.17 â€¢ demi lovato,1,1,1
heavens,1,1,1
@jyugawa,1,1,1
enjel,1,1,1
Washing,1,1,1
West of Scotland,1,1,1
Balay ni mayang,1,1,1
"Llanharry, Wales",1,1,1
Prestwood Buckinghamshire,1,1,1
The Bike Shed,1,1,1
somewhere warm..,1,1,1
LRâœˆï¸TX,1,1,1
Dayton OHIO,1,1,1
waiting for a 1D reunion,1,1,1
N 53Â°28' 0'' / W 2Â°14' 0'',1,1,1
The Sunshine State,1,1,1
salisbury,1,1,1
"Olsztyn, Polska",1,1,1
My own little bubble,1,1,1
"London, England, Europe",1,1,1
"VA, but slightly to the left",1,1,1
"Doornpoort 2, Montana",1,1,1
"Nagadeepa, Lankavatara",1,1,1
ğŸ’›,1,1,1
Task Force HQ,1,1,1
"Brentwood, CA",1,1,1
"San Nicolas, Batangas",1,1,1
Europa League,1,1,1
"NRW, Deutschland",1,1,1
rina â€¢ 17 â€¢ she/her,1,1,1
JoieMau,1,1,1
"Brownsville, TN",1,1,1
south australia,1,1,1
Macabebe Pampanga,1,1,1
Essex,1,1,1
ãƒ—ãƒ¬ãƒãƒ–,1,1,1
mâ€™s,1,1,1
December Avenue,1,1,1
In Her Walls,1,1,1
STUâ€™s ship,1,1,1
"Eastern, Kingdom of Saudi Arab",1,1,1
"Rehiyon ng Gitnang Luzon, Repu",1,1,1
she/her/GeneralÃ­sima,1,1,1
"Boston, Ma",1,1,1
vpo tulera distt alwar,1,1,1
"Santolan, Pasig City",1,1,1
ANFIELD,1,1,1
"ACTS 2:38, Ephesians 4:5",1,1,1
Navotas City,1,1,1
obrero,1,1,1
T-posing somewhere,1,1,1
æ®ºæˆ‘,1,1,1
Gods own Country,1,1,1
ëŒ€í•œë¯¼êµ­ í¬ì²œì‹œ,1,1,1
A Studded World,1,1,1
Upside down,1,1,1
"Ipanema, Rio de Janeiro",1,1,1
Rajsthan india,1,1,1
"Clinton, MD",1,1,1
Not telling ya.,1,1,1
tom holland,1,1,1
"Picabo, Idaho",1,1,1
"Nitaskinan Unceded, QuÃ©bec",1,1,1
Mantears Lagoon,1,1,1
Edmonton AB,1,1,1
virginia,1,1,1
"Dewas, India",1,1,1
north east uk,1,1,1
disney world,1,1,1
Cole Mitchell Sprouse,1,1,1
Edinburghish,1,1,1
Langley BC,1,1,1
London & Manchester,1,1,1
- #Loowkeyyy `,1,1,1
india/ delhi,1,1,1
Chicagoland via PA & NC,1,1,1
Vichy Amerika,1,1,1
BABUYAN ISLAND,1,1,1
"Milky Way Galaxy, Solar System",1,1,1
San Vancouver Bee See,1,1,1
She-wolf HBIC,1,1,1
hiding behind satire,1,1,1
"Bow, NH",1,1,1
"Incline Village, NV",1,1,1
"South, Korea",1,1,1
"Kitchener, ON",1,1,1
"Caldwell, NJ",1,1,1
"Burlington, Vermont, USA",1,1,1
"Frenchs Forest, Sydney",1,1,1
My sofa,1,1,1
MRGS  GNSN  BCLD  CB,1,1,1
"ÃœT: 14.4007658,121.0455472",1,1,1
Chicago USA,1,1,1
S U D,1,1,1
"Olongapo City, Philippines",1,1,1
"Santa Maria, CA",1,1,1
"LAGOS, NIGERIA",1,1,1
Cape Town/ East London,1,1,1
"Coruche, Portugal",1,1,1
ì•„ë¬´ë„ ë‚´ ì´ë¦„ì„ ëª¨ë¥¸ë‹¤ëŠ” ê³³,1,1,1
ì „ì›ìš° + ì„ì°½ê· ,1,1,1
"Oxnard, CA",1,1,1
"Lisburn, Northern Ireland",1,1,1
Gatton College of Pharmacy,1,1,1
"Willingham, England",1,1,1
Arctique,1,1,1
England & Scotland,1,1,1
Canada in Jesus name,1,1,1
"Alexandria, mn",1,1,1
England//Mallorca,1,1,1
schrute beet farm Â°,1,1,1
"McAllen, Texas",1,1,1
"Devon, European Union",1,1,1
Guadalajara Spain,1,1,1
Moon Kingdom,1,1,1
"Newry, Ireland",1,1,1
"Battle Creek, Michigan, USA",1,1,1
"Western Victoria, Australia",1,1,1
Reading,1,1,1
AAAAAAAAAAAAAAAAAAAAAAA,1,1,1
Oeiras - Portugal,1,1,1
quirkyalone,1,1,1
Disney,1,1,1
Chasing Reality,1,1,1
ms nj,1,1,1
"Daejeon, Republic of Korea",1,1,1
alternate universe! jungkook.,1,1,1
error,1,1,1
hell i hope,1,1,1
"Traumort, weil geil: Berlinâ¤ï¸",1,1,1
touring hopefully,1,1,1
"On the road,USA",1,1,1
nirvana concert in 1976,1,1,1
Chillin with Bob Ross,1,1,1
under the sun,1,1,1
"New York, Ground Zero",1,1,1
DimpleğŸ’•,1,1,1
Texan in Missouri,1,1,1
ğŸ‡¬ğŸ‡§Great Britain ğŸ‡¬ğŸ‡§,1,1,1
Kerala & UK,1,1,1
yorksher,1,1,1
Aggersville Gloucester,1,1,1
"Location, TX",1,1,1
maxxğŸ¶,1,1,1
Antipolo City,1,1,1
Philippines.,1,1,1
Freetown,1,1,1
Follow me! and retweet New's,1,1,1
"Melbourne, Australia.",1,1,1
SoDak,1,1,1
"Blackwood, South Wales",1,1,1
the devils anus,1,1,1
"toledo, oh",1,1,1
www.anklejive.com,1,1,1
Off Location,1,1,1
Bhargava kshetra,1,1,1
new  delhi,1,1,1
Worldwide M.O.B Figure,1,1,1
where my cats are at,1,1,1
Not there Yet,1,1,1
P. Sherman 42 Wallaby Way Sydney,1,1,1
"Sikar, India",1,1,1
Scotland,1,1,1
à¤­à¤¾à¤°à¤¤ à¤®à¥‡à¤‚ On The Earth.,1,1,1
philadelphia,1,1,1
"MayFair, DC NorthEast",1,1,1
"Satkhira, Bangladesh",1,1,1
"tombstone,az",1,1,1
Azania Durban,1,1,1
LÃ©Ã¨ Temple,1,1,1
"25.0000Â° N, 71.0000Â° W",1,1,1
land of Oooo,1,1,1
Planetary Citizen,1,1,1
heedar longir sifath,1,1,1
Lisboa,1,1,1
"Views Are Strictly My Own, USA",1,1,1
FB.com/erythromelalgiawarriors,1,1,1
Ayodhya,1,1,1
COL,1,1,1
"Ğ—Ğ²ĞµĞ½Ğ¸Ğ³Ğ¾Ğ²ÑĞºĞ¸Ğ¹ Ñ€Ğ°Ğ¹Ğ¾Ğ½, ĞœĞ°Ñ€Ğ¸Ğ¹ Ğ­Ğ» Ñ€",1,1,1
radiation,1,1,1
Lupi ğŸ’•,1,1,1
Cymru RyddğŸ‡ªğŸ‡º,1,1,1
Saint Louis Missouri,1,1,1
Followback,1,1,1
"Holyoke, MA",1,1,1
flower stick land,1,1,1
DURM,1,1,1
JesusChirstWhatIsThat,1,1,1
râ˜†he/theycredits-,1,1,1
"Bijawar, India",1,1,1
World Wide Fuckers!,1,1,1
path the punks,1,1,1
Heaven (when i die),1,1,1
*insert somaliland flag here*,1,1,1
Brighton / London,1,1,1
San Pablo,1,1,1
"Azad Kashmir Province, Pakistan",1,1,1
pa,1,1,1
ä¸»ã«æœ¨æ›´æ´¥ã‹äº”äº•ã®ã‚¤ã‚¹ã‚«ãƒ³ãƒ€ãƒ«,1,1,1
Sandton view johannesburg,1,1,1
not at a monsta x concert,1,1,1
MumbaiğŸ‡®ğŸ‡³,1,1,1
I thought I'd lost my luck,1,1,1
Bloemfontein,1,1,1
"Toronto and North, OntarioğŸ‡¨ğŸ‡¦",1,1,1
ec x fm  bts,1,1,1
"Greater Heights, Houston",1,1,1
sa tabi ng court,1,1,1
"White House, TN",1,1,1
"24.4539Â°N, 54.3772Â°E",1,1,1
sea-ttle,1,1,1
rsa,1,1,1
Hopeless Place,1,1,1
:/,1,1,1
"Seville, Spain",1,1,1
sainyo na lang kaya,1,1,1
SW United States,1,1,1
ìœ¤ë¯¼,1,1,1
"Glasgow Southside, Scotland",1,1,1
Behind the Camera,1,1,1
"Gahanna, OH",1,1,1
Aries (Ë¶â€¾á·„ â»Ì« â€¾á·…Ëµ)//NY,1,1,1
"New Hamburg, ON",1,1,1
Highbury,1,1,1
Agra up india,1,1,1
BenzoBoy$ ğŸ•·,1,1,1
mark daniel,1,1,1
Kaurna,1,1,1
"Enrile, Cagayan Valley",1,1,1
Sugoi Sugoi Sugoi Sugoi Sugoi,1,1,1
"Lands of the Puget Sound Salish, Duwamish, and Columbia-Wenatchi Nations.",1,1,1
å‡½é¤¨å¸‚,1,1,1
"Pangilinan,M.D.",1,1,1
Anywhere & Everywhere,1,1,1
BRING THE TRUTH THROUGH PICT,1,1,1
FLOOR 555,1,1,1
Within,1,1,1
"Reina Mercedes, Cagayan Valley",1,1,1
Somewhere in a Freightliner,1,1,1
"Wilkinsburg, PA",1,1,1
bang!tan,1,1,1
"Wales,",1,1,1
"Wurundjeri land, Kulin nation",1,1,1
"Imus,Cavite",1,1,1
abyss,1,1,1
"Jodhpur, Rajasthan, India",1,1,1
I'll give you one guess..,1,1,1
Mt Colah,1,1,1
"ÃœT: 52.475132,-1.90737",1,1,1
"Templetown, Philadelphia",1,1,1
Aspergistan,1,1,1
"Midlands, England",1,1,1
ust mnl,1,1,1
In a Pineapple under the sea,1,1,1
"Brainerd, MN",1,1,1
Isb,1,1,1
å¼Šã‚«ãƒ«ãƒ‡ã‚¢,1,1,1
megan is cooler than me,1,1,1
marvel,1,1,1
"West Monroe, LA",1,1,1
"Timnath, CO",1,1,1
"Cooper Young, Memphis",1,1,1
LosAngeles,1,1,1
Wangal land - Oceania,1,1,1
#717,1,1,1
"North Chicago, IL",1,1,1
"Haymana, TÃ¼rkiye",1,1,1
(she/they) PHS,1,1,1
TOUCHMEIAMSICK,1,1,1
The World Wide Web...,1,1,1
Carterville USA,1,1,1
ã‚¯ãƒ©ãƒƒã‚·ãƒ¥ãƒãƒ³ãƒ‡ã‚£ã‚¯ãƒ¼5ã®ãƒªãƒ¡ã‚¤ã‚¯å‡ºã›,1,1,1
Livonia,1,1,1
in the ruins of Zanarkand,1,1,1
"Mt. Shasta, CA",1,1,1
IDGAF Squad,1,1,1
Fantasy Island,1,1,1
Kate yapâœ¨,1,1,1
D of DMV,1,1,1
seokjin's heart,1,1,1
italy,1,1,1
somewhere between sad and mad.,1,1,1
"Baltimore, åœ°çƒ, Cape Breton",1,1,1
Torontoish,1,1,1
